https://eblong.com/infocom/gamefiles/ballyhoo-r97-s851218.z3,ballyhoo.z3
https://eblong.com/infocom/gamefiles/cutthroats-r23-s840809.z3,cutthroats.z3
https://eblong.com/infocom/gamefiles/deadline-r27-s831005.z3,deadline.z3
https://eblong.com/infocom/gamefiles/enchanter-r29-s860820.z3,enchanter.z3
https://eblong.com/infocom/gamefiles/hollywoodhijinx-r37-s861215.z3,hollywoodhijinx.z3
https://eblong.com/infocom/gamefiles/infidel-r22-s830916.z3,infidel.z3
https://eblong.com/infocom/gamefiles/leathergoddesses-r59-s860730.z3,leathergoddesses.z3
https://eblong.com/infocom/gamefiles/moonmist-r9-s861022.z3,moonmist.z3
https://eblong.com/infocom/gamefiles/planetfall-r37-s851003.z3,planetfall.z3
https://eblong.com/infocom/gamefiles/plunderedhearts-r26-s870730.z3,plunderedhearts.z3
https://eblong.com/infocom/gamefiles/seastalker-r16-s850603.z3,seastalker.z3
https://eblong.com/infocom/gamefiles/sorcerer-r15-s851108.z3,sorcerer.z3
https://eblong.com/infocom/gamefiles/spellbreaker-r87-s860904.z3,spellbreaker.z3
https://eblong.com/infocom/gamefiles/starcross-r17-s821021.z3,starcross.z3
https://eblong.com/infocom/gamefiles/stationfall-r107-s870430.z3,stationfall.z3
https://eblong.com/infocom/gamefiles/suspect-r14-s841005.z3,suspect.z3
https://eblong.com/infocom/gamefiles/wishbringer-r69-s850920.z3,wishbringer.z3
https://eblong.com/infocom/gamefiles/witness-r22-s840924.z3,witness.z3
https://eblong.com/infocom/gamefiles/zork1-r88-s840726.z3,zork1.z3
https://eblong.com/infocom/gamefiles/zork2-r48-s840904.z3,zork2.z3
https://eblong.com/infocom/gamefiles/zork3-r17-s840727.z3,zork3.z3
